{"x":-1.1299999952316285,"y":16.030000686645509}