{"x":-108.45999908447266,"y":-17.229999542236329}