{"x":-44.130001068115237,"y":30.02899932861328}