{"x":236.25999450683595,"y":-16.64299964904785}