{"MusicVolume":0.49780943989753725,"SoundsVolume":0.07397045940160752}