{"MusicVolume":0.49780943989753725,"SoundsVolume":0.836568295955658}