{"MusicVolume":0.4820566475391388,"SoundsVolume":0.37426796555519106}