{"MusicVolume":0.4702029824256897,"SoundsVolume":0.5283684730529785}