{"MusicVolume":0.5255210399627686,"SoundsVolume":0.5165147185325623}